-- =============================================
-- SEED DATA — Тестовые данные для Marketing Platform
-- Выполнить в Supabase SQL Editor ПОСЛЕ schema.sql
-- =============================================

-- Сначала создадим тестового пользователя в auth (если ещё нет)
-- Это нужно сделать через Supabase Dashboard → Authentication → Users → Add User
-- Email: admin@marketing.kz / Пароль: admin123

-- Если пользователь уже создан, обновим его профиль
-- Подставьте реальный UUID пользователя из auth.users
DO $$
DECLARE
  admin_id UUID;
BEGIN
  -- Берём первого пользователя из auth
  SELECT id INTO admin_id FROM auth.users LIMIT 1;

  IF admin_id IS NULL THEN
    RAISE NOTICE 'Нет пользователей в auth.users. Создайте пользователя через Dashboard.';
    RETURN;
  END IF;

  -- Обновляем профиль
  UPDATE public.profiles
  SET full_name = 'Умар Администратор',
      role = 'admin',
      phone = '+7 777 123 4567',
      position = 'Руководитель',
      telegram_username = '@umar_admin'
  WHERE id = admin_id;

  -- PROJECTS
  INSERT INTO public.projects (id, name, short_name, type, description, city, website_url, contact_person, contact_phone, contact_email, instagram_url, facebook_url, telegram_url, tiktok_url, youtube_url, meta_ad_account_id, google_ads_customer_id, monthly_budget_kzt, color, created_by, status)
  VALUES
    ('11111111-1111-1111-1111-111111111111', 'НИШ Астана', 'NIS', 'school', 'Назарбаев Интеллектуальные школы — школа для одарённых детей с международной программой обучения', 'Астана', 'https://nis.edu.kz', 'Асель Нурланова', '+7 701 234 5678', 'asel@nis.edu.kz', 'https://instagram.com/nis_astana', 'https://facebook.com/nis.astana', 'https://t.me/nis_astana', NULL, 'https://youtube.com/@nis_astana', 'act_1234567890', '123-456-7890', 800000, '#2563EB', admin_id, 'active'),

    ('22222222-2222-2222-2222-222222222222', 'IITU', 'IITU', 'university', 'Международный университет информационных технологий — ведущий IT-вуз Казахстана', 'Алматы', 'https://iitu.edu.kz', 'Марат Сулейменов', '+7 702 345 6789', 'marat@iitu.edu.kz', 'https://instagram.com/iitu_edu', 'https://facebook.com/iitu.edu', 'https://t.me/iitu_official', 'https://tiktok.com/@iitu_edu', 'https://youtube.com/@iitu', 'act_2345678901', '234-567-8901', 700000, '#7C3AED', admin_id, 'active'),

    ('33333333-3333-3333-3333-333333333333', 'Haileybury Almaty', 'Haileybury', 'school', 'Международная школа Haileybury с британской программой обучения', 'Алматы', 'https://haileybury.kz', 'Динара Ахметова', '+7 703 456 7890', 'dinara@haileybury.kz', 'https://instagram.com/haileybury_almaty', 'https://facebook.com/haileybury.almaty', NULL, NULL, NULL, 'act_3456789012', NULL, 600000, '#059669', admin_id, 'active'),

    ('44444444-4444-4444-4444-444444444444', 'Колледж ОСШО', 'ОСШО', 'college', 'Отраслевой специализированный колледж — среднее профессиональное образование', 'Караганда', 'https://ossho.kz', 'Бауыржан Касымов', '+7 704 567 8901', 'baurzhan@ossho.kz', 'https://instagram.com/ossho_college', NULL, 'https://t.me/ossho_college', NULL, NULL, NULL, NULL, 500000, '#D97706', admin_id, 'active'),

    ('55555555-5555-5555-5555-555555555555', 'РФМШ', 'РФМШ', 'school', 'Республиканская физико-математическая школа — углублённое изучение точных наук', 'Астана', 'https://rfms.edu.kz', 'Гульнар Тлеубаева', '+7 705 678 9012', 'gulnar@rfms.edu.kz', 'https://instagram.com/rfms_astana', NULL, 'https://t.me/rfms_official', NULL, 'https://youtube.com/@rfms', 'act_5678901234', '567-890-1234', 500000, '#DC2626', admin_id, 'active'),

    ('66666666-6666-6666-6666-666666666666', 'Колледж Мирас', 'Мирас', 'college', 'Международный колледж Мирас — качественное среднее профессиональное образование', 'Шымкент', 'https://miras.edu.kz', 'Алия Жумабаева', '+7 706 789 0123', 'aliya@miras.edu.kz', 'https://instagram.com/miras_college', NULL, 'https://t.me/miras_college', 'https://tiktok.com/@miras_college', NULL, NULL, NULL, 500000, '#EC4899', admin_id, 'active')
  ON CONFLICT DO NOTHING;

  -- PROJECT MEMBERS
  INSERT INTO public.project_members (project_id, user_id, role_in_project)
  VALUES
    ('11111111-1111-1111-1111-111111111111', admin_id, 'lead'),
    ('22222222-2222-2222-2222-222222222222', admin_id, 'lead'),
    ('33333333-3333-3333-3333-333333333333', admin_id, 'lead'),
    ('44444444-4444-4444-4444-444444444444', admin_id, 'lead'),
    ('55555555-5555-5555-5555-555555555555', admin_id, 'lead'),
    ('66666666-6666-6666-6666-666666666666', admin_id, 'lead')
  ON CONFLICT DO NOTHING;

  -- TASK BOARDS (по одной доске на проект)
  INSERT INTO public.task_boards (id, project_id, name)
  VALUES
    ('b1111111-1111-1111-1111-111111111111', '11111111-1111-1111-1111-111111111111', 'Основная доска'),
    ('b2222222-2222-2222-2222-222222222222', '22222222-2222-2222-2222-222222222222', 'Основная доска'),
    ('b3333333-3333-3333-3333-333333333333', '33333333-3333-3333-3333-333333333333', 'Основная доска')
  ON CONFLICT DO NOTHING;

  -- TASK COLUMNS (5 стандартных колонок)
  INSERT INTO public.task_columns (id, board_id, name, color, sort_order)
  VALUES
    ('c0000001-0000-0000-0000-000000000001', 'b1111111-1111-1111-1111-111111111111', 'Бэклог', '#6B7280', 0),
    ('c0000001-0000-0000-0000-000000000002', 'b1111111-1111-1111-1111-111111111111', 'К выполнению', '#3B82F6', 1),
    ('c0000001-0000-0000-0000-000000000003', 'b1111111-1111-1111-1111-111111111111', 'В работе', '#F59E0B', 2),
    ('c0000001-0000-0000-0000-000000000004', 'b1111111-1111-1111-1111-111111111111', 'На согласовании', '#8B5CF6', 3),
    ('c0000001-0000-0000-0000-000000000005', 'b1111111-1111-1111-1111-111111111111', 'Готово', '#10B981', 4),
    -- IITU
    ('c0000002-0000-0000-0000-000000000001', 'b2222222-2222-2222-2222-222222222222', 'Бэклог', '#6B7280', 0),
    ('c0000002-0000-0000-0000-000000000002', 'b2222222-2222-2222-2222-222222222222', 'К выполнению', '#3B82F6', 1),
    ('c0000002-0000-0000-0000-000000000003', 'b2222222-2222-2222-2222-222222222222', 'В работе', '#F59E0B', 2),
    ('c0000002-0000-0000-0000-000000000004', 'b2222222-2222-2222-2222-222222222222', 'На согласовании', '#8B5CF6', 3),
    ('c0000002-0000-0000-0000-000000000005', 'b2222222-2222-2222-2222-222222222222', 'Готово', '#10B981', 4)
  ON CONFLICT DO NOTHING;

  -- TASKS
  INSERT INTO public.tasks (id, column_id, project_id, title, description, assignee_id, created_by, priority, category, due_date, sort_order, labels)
  VALUES
    ('t0000001-0000-0000-0000-000000000001', 'c0000001-0000-0000-0000-000000000001', '11111111-1111-1111-1111-111111111111', 'Подготовить контент-план на март', 'Составить план публикаций для Instagram и Telegram на март', admin_id, admin_id, 'medium', 'content', '2026-03-05', 0, ARRAY['планирование']),
    ('t0000001-0000-0000-0000-000000000002', 'c0000001-0000-0000-0000-000000000001', '11111111-1111-1111-1111-111111111111', 'Обновить баннеры на сайте', 'Новые баннеры для приёмной кампании 2026', admin_id, admin_id, 'low', 'design', '2026-03-15', 1, ARRAY['дизайн', 'сайт']),
    ('t0000001-0000-0000-0000-000000000003', 'c0000001-0000-0000-0000-000000000002', '11111111-1111-1111-1111-111111111111', 'Настроить ретаргетинг Meta Ads', 'Создать аудитории и запустить ретаргетинг для приёмки', admin_id, admin_id, 'high', 'target', '2026-03-01', 0, ARRAY['meta', 'реклама']),
    ('t0000001-0000-0000-0000-000000000004', 'c0000001-0000-0000-0000-000000000003', '11111111-1111-1111-1111-111111111111', 'Создать баннеры для Stories', 'Серия из 5 баннеров для Instagram Stories — приёмка', admin_id, admin_id, 'high', 'design', '2026-02-28', 0, ARRAY['instagram', 'stories']),
    ('t0000001-0000-0000-0000-000000000005', 'c0000001-0000-0000-0000-000000000004', '11111111-1111-1111-1111-111111111111', 'Утвердить видео для Reels', 'Видео о школе для Instagram Reels на согласовании у заказчика', admin_id, admin_id, 'medium', 'smm', '2026-02-27', 0, ARRAY['видео', 'reels']),
    ('t0000001-0000-0000-0000-000000000006', 'c0000001-0000-0000-0000-000000000005', '11111111-1111-1111-1111-111111111111', 'Запустить кампанию Google Ads', 'Поисковая кампания по ключевым запросам — запущена', admin_id, admin_id, 'urgent', 'target', '2026-02-25', 0, ARRAY['google', 'поиск']),
    -- IITU tasks
    ('t0000002-0000-0000-0000-000000000001', 'c0000002-0000-0000-0000-000000000001', '22222222-2222-2222-2222-222222222222', 'Анализ конкурентов в Instagram', 'Проанализировать аккаунты конкурентных вузов', admin_id, admin_id, 'medium', 'smm', '2026-03-10', 0, ARRAY['исследование']),
    ('t0000002-0000-0000-0000-000000000002', 'c0000002-0000-0000-0000-000000000003', '22222222-2222-2222-2222-222222222222', 'Запуск кампании летний набор', 'Meta Ads кампания для летнего набора 2026', admin_id, admin_id, 'urgent', 'target', '2026-03-01', 0, ARRAY['meta', 'набор'])
  ON CONFLICT DO NOTHING;

  -- CONTENT POSTS
  INSERT INTO public.content_posts (id, project_id, title, body, post_type, platform, scheduled_at, status, author_id, created_by)
  VALUES
    ('p0000001-0000-0000-0000-000000000001', '11111111-1111-1111-1111-111111111111', 'День открытых дверей НИШ', 'Приглашаем на день открытых дверей! Узнайте всё о нашей школе и программах обучения.', 'carousel', 'instagram', '2026-03-01 10:00:00+06', 'scheduled', admin_id, admin_id),
    ('p0000001-0000-0000-0000-000000000002', '11111111-1111-1111-1111-111111111111', 'Итоги олимпиады', 'Наши ученики заняли призовые места на республиканской олимпиаде!', 'image', 'instagram', '2026-02-25 12:00:00+06', 'published', admin_id, admin_id),
    ('p0000001-0000-0000-0000-000000000003', '11111111-1111-1111-1111-111111111111', 'Видео-тур по школе', 'Виртуальная экскурсия по НИШ Астана для будущих учеников и родителей', 'reels', 'instagram', '2026-03-05 14:00:00+06', 'in_review', admin_id, admin_id),
    ('p0000001-0000-0000-0000-000000000004', '11111111-1111-1111-1111-111111111111', 'Приёмка 2026 — старт', 'Объявляем начало приёма документов на 2026-2027 учебный год', 'text', 'telegram', '2026-03-10 09:00:00+06', 'draft', admin_id, admin_id),
    ('p0000002-0000-0000-0000-000000000001', '22222222-2222-2222-2222-222222222222', 'IITU Open Doors', 'День открытых дверей IITU — познакомьтесь с нашими программами и кампусом', 'video', 'youtube', '2026-03-03 11:00:00+06', 'approved', admin_id, admin_id),
    ('p0000002-0000-0000-0000-000000000002', '22222222-2222-2222-2222-222222222222', 'IT-хакатон 2026', 'Регистрация на ежегодный хакатон IITU уже открыта!', 'carousel', 'instagram', '2026-03-08 15:00:00+06', 'scheduled', admin_id, admin_id)
  ON CONFLICT DO NOTHING;

  -- BUDGET RECORDS (февраль 2026)
  INSERT INTO public.budget_records (project_id, month, channel, planned_budget_kzt, actual_spend_kzt)
  VALUES
    ('11111111-1111-1111-1111-111111111111', '2026-02-01', 'meta_ads', 350000, 310000),
    ('11111111-1111-1111-1111-111111111111', '2026-02-01', 'google_ads', 250000, 220000),
    ('11111111-1111-1111-1111-111111111111', '2026-02-01', 'influencer', 100000, 80000),
    ('11111111-1111-1111-1111-111111111111', '2026-02-01', 'seo', 50000, 40000),
    ('11111111-1111-1111-1111-111111111111', '2026-02-01', 'email', 30000, 0),
    ('11111111-1111-1111-1111-111111111111', '2026-02-01', 'other', 20000, 0),
    ('22222222-2222-2222-2222-222222222222', '2026-02-01', 'meta_ads', 300000, 270000),
    ('22222222-2222-2222-2222-222222222222', '2026-02-01', 'google_ads', 200000, 180000),
    ('22222222-2222-2222-2222-222222222222', '2026-02-01', 'influencer', 100000, 70000),
    ('22222222-2222-2222-2222-222222222222', '2026-02-01', 'seo', 50000, 0),
    ('33333333-3333-3333-3333-333333333333', '2026-02-01', 'meta_ads', 280000, 250000),
    ('33333333-3333-3333-3333-333333333333', '2026-02-01', 'google_ads', 200000, 180000),
    ('33333333-3333-3333-3333-333333333333', '2026-02-01', 'influencer', 70000, 50000),
    ('44444444-4444-4444-4444-444444444444', '2026-02-01', 'meta_ads', 250000, 200000),
    ('44444444-4444-4444-4444-444444444444', '2026-02-01', 'google_ads', 150000, 150000),
    ('55555555-5555-5555-5555-555555555555', '2026-02-01', 'meta_ads', 200000, 180000),
    ('55555555-5555-5555-5555-555555555555', '2026-02-01', 'google_ads', 150000, 100000),
    ('66666666-6666-6666-6666-666666666666', '2026-02-01', 'meta_ads', 150000, 120000),
    ('66666666-6666-6666-6666-666666666666', '2026-02-01', 'google_ads', 100000, 50000)
  ON CONFLICT DO NOTHING;

  -- ACTIVITY LOG
  INSERT INTO public.activity_log (user_id, project_id, action, entity_type, details)
  VALUES
    (admin_id, '11111111-1111-1111-1111-111111111111', 'Опубликовал пост "Итоги олимпиады"', 'content_post', '{"platform": "instagram"}'),
    (admin_id, '22222222-2222-2222-2222-222222222222', 'Создал кампанию "Летний набор"', 'ad_campaign', '{"platform": "meta"}'),
    (admin_id, '11111111-1111-1111-1111-111111111111', 'Изменил бюджет на март', 'budget', '{"amount": 800000}'),
    (admin_id, '33333333-3333-3333-3333-333333333333', 'Добавил задачу "Баннеры для Stories"', 'task', '{}'),
    (admin_id, '55555555-5555-5555-5555-555555555555', 'Обновил контакты проекта', 'project', '{}');

  RAISE NOTICE 'Seed data inserted successfully for admin_id: %', admin_id;
END $$;
